,user
MTV,6
Genius,4
Shmurda,3
Migos,3
TM88,3
djgregstreet,3
Skrillex,3
Nineteen85,2
SPIN,2
Power106LA,2
Pharrell,2
RedBullMusic,2
complex,2
flumemusic,2
RollingStone,2
lildurk,2
OnSMASH,2
Sickamore,2
LupeFiasco,2
VFILES,2
1Xtra,2
apple,2
hoodrichradio,2
RickyHil,1
BOWoktane,1
thegoodGas,1
Shift_leader06,1
Tinashe,1
joshtonpeas,1
LupeFiascoBNP,1
hudmo,1
3rika,1
inihelene,1
golden_barbie,1
TheSource,1
StudioSVStories,1
thesource,1
nomizeichner,1
thecozyboys,1
Key_Wane,1
AlexanderWangNY,1
Rosenbergradio,1
youngchopbeatz,1
earlxsweat,1
ilymag,1
mattschnipper,1
HEIRMJ,1
xset,1
djskee,1
KirkoBangz,1
baauer,1
illamerica,1
zenojones,1
BBCSounds,1
humanrace,1
wordtoJude,1
COBRAKYP,1
GirlIGuessPod,1
peeweelongway,1
Chuckisdope,1
madeintyo,1
M3ent,1
ChildishMajor,1
ASVP_Lou,1
mattmiggz,1
ToroyMoi,1
ChiefKeef,1
JasonGeter,1
SOSAguild,1
aoutrageous,1
funkflex,1
petexnthony,1
TheRealBenjiB,1
benngood,1
TreySongz,1
the1975,1
MeganRyte,1
KidCudi,1
NextModels,1
1720warehouse,1
youngthug,1
PROBLEM354,1
djkhaled,1
ogchaseb,1
zaytovenbeatz,1
sizzle808MAFIA,1
wex1200,1
FrencHMonTanA,1
yungleann,1
glitcheapp,1
Grimezsz,1
J_Credible,1
jaden,1
NiykeeHeaton,1
james__loney,1
murdabeatz_,1
theStartfund,1
fkimusic,1
DJSCREAM,1
AmazonMusic,1
Sethrogen,1
ItsBobbyShmurda,1
OfficialKimlee,1
dash_radio,1
TheeJayWest,1
thefader,1
yungjake,1
MikeWiLLMadeIt,1
djstephfloss,1
firsttubemedia,1
KidMograph,1
AppleMusic,1
jessyjensen,1
WhoIsStevieJ,1
andycohn,1
djspinz,1
flyinglotus,1
WBLS,1
Luckyme,1
PostMalone,1
ProducedbyOmen,1
FRENCIZZLE,1
HudMo,1
dreamdoll,1
IUbloomington,1
TheophilusL,1
CASHMERECAT,1
RichHomieQuan,1
illroots,1
sourcewaterco,1
ASAPYams,1
MetroBoomin,1
VERBAL_AMBUSH,1
wearemural,1
ambushdesign,1
bigfactspod,1
MaalyRaw,1
evian_christ,1
virgil_30,1
djenuff,1
naturylbyniykee,1
partynextdoor,1
ernestbaker,1
DJMLK,1
Woodkid,1
trapnhardo,1
GUNPLAYMMG,1
AlealiMay,1
YslDuke,1
NigelSylvester,1
thegreatkhalid,1
WF,1
DjGregStreet,1
HERSource,1
godismysource_,1
KarenCivil,1
ASVPNVST,1
QuiWest,1
LilReese300,1
DJDRAMA,1
